{
  "total_count": 157,
  "average_rating": 0.7735668789808916,
  "median_rating": 0.8,
  "std_rating": 0.11764143264045508,
  "min_rating": 0.4,
  "max_rating": 0.95,
  "rating_distribution": {
    "0-20%": 0,
    "20-40%": 0,
    "40-60%": 7,
    "60-80%": 46,
    "80-100%": 104
  },
  "top_tags": [
    [
      "正確性",
      44
    ],
    [
      "高品質",
      30
    ],
    [
      "わかりやすさ",
      22
    ],
    [
      "不完全",
      22
    ],
    [
      "複雑すぎる",
      22
    ],
    [
      "有用性",
      22
    ],
    [
      "分析",
      20
    ],
    [
      "テスト",
      16
    ],
    [
      "test",
      10
    ],
    [
      "正確",
      8
    ]
  ]
}