{
  "total_count": 163,
  "average_rating": 0.7739263803680981,
  "median_rating": 0.8,
  "std_rating": 0.11818377901850399,
  "min_rating": 0.4,
  "max_rating": 0.95,
  "rating_distribution": {
    "0-20%": 0,
    "20-40%": 0,
    "40-60%": 7,
    "60-80%": 48,
    "80-100%": 108
  },
  "top_tags": [
    [
      "正確性",
      48
    ],
    [
      "高品質",
      30
    ],
    [
      "わかりやすさ",
      24
    ],
    [
      "不完全",
      24
    ],
    [
      "複雑すぎる",
      24
    ],
    [
      "有用性",
      24
    ],
    [
      "分析",
      20
    ],
    [
      "テスト",
      16
    ],
    [
      "test",
      10
    ],
    [
      "正確",
      8
    ]
  ]
}