{
  "total_count": 127,
  "average_rating": 0.7708661417322833,
  "median_rating": 0.8,
  "std_rating": 0.1157721331166253,
  "min_rating": 0.4,
  "max_rating": 0.95,
  "rating_distribution": {
    "0-20%": 0,
    "20-40%": 0,
    "40-60%": 7,
    "60-80%": 37,
    "80-100%": 83
  },
  "top_tags": [
    [
      "高品質",
      30
    ],
    [
      "正確性",
      26
    ],
    [
      "分析",
      20
    ],
    [
      "わかりやすさ",
      13
    ],
    [
      "不完全",
      13
    ],
    [
      "複雑すぎる",
      13
    ],
    [
      "有用性",
      13
    ],
    [
      "テスト",
      13
    ],
    [
      "test",
      10
    ],
    [
      "正確",
      8
    ]
  ]
}