{
  "total_count": 179,
  "average_rating": 0.7756983240223462,
  "median_rating": 0.8,
  "std_rating": 0.11547298190600139,
  "min_rating": 0.4,
  "max_rating": 0.95,
  "rating_distribution": {
    "0-20%": 0,
    "20-40%": 0,
    "40-60%": 7,
    "60-80%": 50,
    "80-100%": 122
  },
  "top_tags": [
    [
      "正確性",
      52
    ],
    [
      "高品質",
      30
    ],
    [
      "わかりやすさ",
      26
    ],
    [
      "不完全",
      26
    ],
    [
      "複雑すぎる",
      26
    ],
    [
      "有用性",
      26
    ],
    [
      "テスト",
      26
    ],
    [
      "分析",
      20
    ],
    [
      "test",
      10
    ],
    [
      "正確",
      8
    ]
  ]
}