{
  "total_count": 175,
  "average_rating": 0.7754285714285714,
  "median_rating": 0.8,
  "std_rating": 0.1154950303728101,
  "min_rating": 0.4,
  "max_rating": 0.95,
  "rating_distribution": {
    "0-20%": 0,
    "20-40%": 0,
    "40-60%": 7,
    "60-80%": 49,
    "80-100%": 119
  },
  "top_tags": [
    [
      "正確性",
      50
    ],
    [
      "高品質",
      30
    ],
    [
      "わかりやすさ",
      25
    ],
    [
      "不完全",
      25
    ],
    [
      "複雑すぎる",
      25
    ],
    [
      "有用性",
      25
    ],
    [
      "テスト",
      25
    ],
    [
      "分析",
      20
    ],
    [
      "test",
      10
    ],
    [
      "正確",
      8
    ]
  ]
}