{
  "total_count": 147,
  "average_rating": 0.7731292517006803,
  "median_rating": 0.8,
  "std_rating": 0.11565726238164606,
  "min_rating": 0.4,
  "max_rating": 0.95,
  "rating_distribution": {
    "0-20%": 0,
    "20-40%": 0,
    "40-60%": 7,
    "60-80%": 42,
    "80-100%": 98
  },
  "top_tags": [
    [
      "正確性",
      36
    ],
    [
      "高品質",
      30
    ],
    [
      "分析",
      20
    ],
    [
      "わかりやすさ",
      18
    ],
    [
      "不完全",
      18
    ],
    [
      "複雑すぎる",
      18
    ],
    [
      "有用性",
      18
    ],
    [
      "テスト",
      18
    ],
    [
      "test",
      10
    ],
    [
      "正確",
      8
    ]
  ]
}